filename,repo_path,raw_repo_url,commit_sha,line_count,byte_size
ClientBus.luau,Explorer/ReplicatedFirst/ClientBus.luau,https://raw.githubusercontent.com/Rhocwud/RizzCity/0573581af81e6dd0578c4cf69f9a3b0a21286f73/Explorer/ReplicatedFirst/ClientBus.luau,0573581af81e6dd0578c4cf69f9a3b0a21286f73,11,197
Adjacency.luau,Explorer/ReplicatedStorage/Adjacency.luau,https://raw.githubusercontent.com/Rhocwud/RizzCity/0573581af81e6dd0578c4cf69f9a3b0a21286f73/Explorer/ReplicatedStorage/Adjacency.luau,0573581af81e6dd0578c4cf69f9a3b0a21286f73,52,1277
Constants.luau,Explorer/ReplicatedStorage/Constants.luau,https://raw.githubusercontent.com/Rhocwud/RizzCity/0573581af81e6dd0578c4cf69f9a3b0a21286f73/Explorer/ReplicatedStorage/Constants.luau,0573581af81e6dd0578c4cf69f9a3b0a21286f73,39,1262
AssetsIndex.luau,Explorer/ReplicatedStorage/Shared/Assets/AssetsIndex.luau,https://raw.githubusercontent.com/Rhocwud/RizzCity/0573581af81e6dd0578c4cf69f9a3b0a21286f73/Explorer/ReplicatedStorage/Shared/Assets/AssetsIndex.luau,0573581af81e6dd0578c4cf69f9a3b0a21286f73,9,202
AnimationMap.luau,Explorer/ReplicatedStorage/Shared/Config/AnimationMap.luau,https://raw.githubusercontent.com/Rhocwud/RizzCity/0573581af81e6dd0578c4cf69f9a3b0a21286f73/Explorer/ReplicatedStorage/Shared/Config/AnimationMap.luau,0573581af81e6dd0578c4cf69f9a3b0a21286f73,56,1801
AnimationRegistry.luau,Explorer/ReplicatedStorage/Shared/Config/AnimationRegistry.luau,https://raw.githubusercontent.com/Rhocwud/RizzCity/0573581af81e6dd0578c4cf69f9a3b0a21286f73/Explorer/ReplicatedStorage/Shared/Config/AnimationRegistry.luau,0573581af81e6dd0578c4cf69f9a3b0a21286f73,46,1493
FeatureFlags.luau,Explorer/ReplicatedStorage/Shared/Config/FeatureFlags.luau,https://raw.githubusercontent.com/Rhocwud/RizzCity/0573581af81e6dd0578c4cf69f9a3b0a21286f73/Explorer/ReplicatedStorage/Shared/Config/FeatureFlags.luau,0573581af81e6dd0578c4cf69f9a3b0a21286f73,22,529
Tuning.luau,Explorer/ReplicatedStorage/Shared/Config/Tuning.luau,https://raw.githubusercontent.com/Rhocwud/RizzCity/0573581af81e6dd0578c4cf69f9a3b0a21286f73/Explorer/ReplicatedStorage/Shared/Config/Tuning.luau,0573581af81e6dd0578c4cf69f9a3b0a21286f73,88,1972
Bezier.luau,Explorer/ReplicatedStorage/Shared/Lib/Bezier.luau,https://raw.githubusercontent.com/Rhocwud/RizzCity/0573581af81e6dd0578c4cf69f9a3b0a21286f73/Explorer/ReplicatedStorage/Shared/Lib/Bezier.luau,0573581af81e6dd0578c4cf69f9a3b0a21286f73,584,17629
Promise.luau,Explorer/ReplicatedStorage/Shared/Lib/Promise.luau,https://raw.githubusercontent.com/Rhocwud/RizzCity/0573581af81e6dd0578c4cf69f9a3b0a21286f73/Explorer/ReplicatedStorage/Shared/Lib/Promise.luau,0573581af81e6dd0578c4cf69f9a3b0a21286f73,2018,58164
Raycast.luau,Explorer/ReplicatedStorage/Shared/Lib/Raycast.luau,https://raw.githubusercontent.com/Rhocwud/RizzCity/0573581af81e6dd0578c4cf69f9a3b0a21286f73/Explorer/ReplicatedStorage/Shared/Lib/Raycast.luau,0573581af81e6dd0578c4cf69f9a3b0a21286f73,42,980
Signal.luau,Explorer/ReplicatedStorage/Shared/Lib/Signal.luau,https://raw.githubusercontent.com/Rhocwud/RizzCity/0573581af81e6dd0578c4cf69f9a3b0a21286f73/Explorer/ReplicatedStorage/Shared/Lib/Signal.luau,0573581af81e6dd0578c4cf69f9a3b0a21286f73,285,8432
Trove.luau,Explorer/ReplicatedStorage/Shared/Lib/Trove.luau,https://raw.githubusercontent.com/Rhocwud/RizzCity/0573581af81e6dd0578c4cf69f9a3b0a21286f73/Explorer/ReplicatedStorage/Shared/Lib/Trove.luau,0573581af81e6dd0578c4cf69f9a3b0a21286f73,263,5804
promise.init.spec.luau,Explorer/ReplicatedStorage/Shared/Lib/promise.init.spec.luau,https://raw.githubusercontent.com/Rhocwud/RizzCity/0573581af81e6dd0578c4cf69f9a3b0a21286f73/Explorer/ReplicatedStorage/Shared/Lib/promise.init.spec.luau,0573581af81e6dd0578c4cf69f9a3b0a21286f73,1618,43585
table-util.luau,Explorer/ReplicatedStorage/Shared/Lib/table-util.luau,https://raw.githubusercontent.com/Rhocwud/RizzCity/0573581af81e6dd0578c4cf69f9a3b0a21286f73/Explorer/ReplicatedStorage/Shared/Lib/table-util.luau,0573581af81e6dd0578c4cf69f9a3b0a21286f73,961,22090
table.init.spec.luau,Explorer/ReplicatedStorage/Shared/Lib/table.init.spec.luau,https://raw.githubusercontent.com/Rhocwud/RizzCity/0573581af81e6dd0578c4cf69f9a3b0a21286f73/Explorer/ReplicatedStorage/Shared/Lib/table.init.spec.luau,0573581af81e6dd0578c4cf69f9a3b0a21286f73,446,11466
timer.init.spec.luau,Explorer/ReplicatedStorage/Shared/Lib/timer.init.spec.luau,https://raw.githubusercontent.com/Rhocwud/RizzCity/0573581af81e6dd0578c4cf69f9a3b0a21286f73/Explorer/ReplicatedStorage/Shared/Lib/timer.init.spec.luau,0573581af81e6dd0578c4cf69f9a3b0a21286f73,60,1088
timer.luau,Explorer/ReplicatedStorage/Shared/Lib/timer.luau,https://raw.githubusercontent.com/Rhocwud/RizzCity/0573581af81e6dd0578c4cf69f9a3b0a21286f73/Explorer/ReplicatedStorage/Shared/Lib/timer.luau,0573581af81e6dd0578c4cf69f9a3b0a21286f73,221,4554
trove.init.spec.luau,Explorer/ReplicatedStorage/Shared/Lib/trove.init.spec.luau,https://raw.githubusercontent.com/Rhocwud/RizzCity/0573581af81e6dd0578c4cf69f9a3b0a21286f73/Explorer/ReplicatedStorage/Shared/Lib/trove.init.spec.luau,0573581af81e6dd0578c4cf69f9a3b0a21286f73,138,3549
CameraShakeInstance.luau,Explorer/ReplicatedStorage/Shared/Packages/CameraShakeInstance.luau,https://raw.githubusercontent.com/Rhocwud/RizzCity/0573581af81e6dd0578c4cf69f9a3b0a21286f73/Explorer/ReplicatedStorage/Shared/Packages/CameraShakeInstance.luau,0573581af81e6dd0578c4cf69f9a3b0a21286f73,167,3723
CameraShakePresets.luau,Explorer/ReplicatedStorage/Shared/Packages/CameraShakePresets.luau,https://raw.githubusercontent.com/Rhocwud/RizzCity/0573581af81e6dd0578c4cf69f9a3b0a21286f73/Explorer/ReplicatedStorage/Shared/Packages/CameraShakePresets.luau,0573581af81e6dd0578c4cf69f9a3b0a21286f73,111,2564
CameraShaker.luau,Explorer/ReplicatedStorage/Shared/Packages/CameraShaker.luau,https://raw.githubusercontent.com/Rhocwud/RizzCity/0573581af81e6dd0578c4cf69f9a3b0a21286f73/Explorer/ReplicatedStorage/Shared/Packages/CameraShaker.luau,0573581af81e6dd0578c4cf69f9a3b0a21286f73,207,6043
SkyboxRotation.luau,Explorer/ServerScriptService/SkyboxRotation.luau,https://raw.githubusercontent.com/Rhocwud/RizzCity/0573581af81e6dd0578c4cf69f9a3b0a21286f73/Explorer/ServerScriptService/SkyboxRotation.luau,0573581af81e6dd0578c4cf69f9a3b0a21286f73,29,1784
Abilities.luau,Explorer/ServerScriptService/Services/Abilities.luau,https://raw.githubusercontent.com/Rhocwud/RizzCity/0573581af81e6dd0578c4cf69f9a3b0a21286f73/Explorer/ServerScriptService/Services/Abilities.luau,0573581af81e6dd0578c4cf69f9a3b0a21286f73,22,720
AbilityService.luau,Explorer/ServerScriptService/Services/AbilityService.luau,https://raw.githubusercontent.com/Rhocwud/RizzCity/0573581af81e6dd0578c4cf69f9a3b0a21286f73/Explorer/ServerScriptService/Services/AbilityService.luau,0573581af81e6dd0578c4cf69f9a3b0a21286f73,9,298
ClaimTouchService.luau,Explorer/ServerScriptService/Services/ClaimTouchService.luau,https://raw.githubusercontent.com/Rhocwud/RizzCity/0573581af81e6dd0578c4cf69f9a3b0a21286f73/Explorer/ServerScriptService/Services/ClaimTouchService.luau,0573581af81e6dd0578c4cf69f9a3b0a21286f73,102,2870
CombatService.luau,Explorer/ServerScriptService/Services/CombatService.luau,https://raw.githubusercontent.com/Rhocwud/RizzCity/0573581af81e6dd0578c4cf69f9a3b0a21286f73/Explorer/ServerScriptService/Services/CombatService.luau,0573581af81e6dd0578c4cf69f9a3b0a21286f73,10,295
DataService.luau,Explorer/ServerScriptService/Services/DataService.luau,https://raw.githubusercontent.com/Rhocwud/RizzCity/0573581af81e6dd0578c4cf69f9a3b0a21286f73/Explorer/ServerScriptService/Services/DataService.luau,0573581af81e6dd0578c4cf69f9a3b0a21286f73,2,32
GameService.luau,Explorer/ServerScriptService/Services/GameService.luau,https://raw.githubusercontent.com/Rhocwud/RizzCity/0573581af81e6dd0578c4cf69f9a3b0a21286f73/Explorer/ServerScriptService/Services/GameService.luau,0573581af81e6dd0578c4cf69f9a3b0a21286f73,3,33
PlayerService.luau,Explorer/ServerScriptService/Services/PlayerService.luau,https://raw.githubusercontent.com/Rhocwud/RizzCity/0573581af81e6dd0578c4cf69f9a3b0a21286f73/Explorer/ServerScriptService/Services/PlayerService.luau,0573581af81e6dd0578c4cf69f9a3b0a21286f73,19,857
TeamService.luau,Explorer/ServerScriptService/Services/TeamService.luau,https://raw.githubusercontent.com/Rhocwud/RizzCity/0573581af81e6dd0578c4cf69f9a3b0a21286f73/Explorer/ServerScriptService/Services/TeamService.luau,0573581af81e6dd0578c4cf69f9a3b0a21286f73,51,1355
WarService.luau,Explorer/ServerScriptService/Services/WarService.luau,https://raw.githubusercontent.com/Rhocwud/RizzCity/0573581af81e6dd0578c4cf69f9a3b0a21286f73/Explorer/ServerScriptService/Services/WarService.luau,0573581af81e6dd0578c4cf69f9a3b0a21286f73,114,3048
ZoneService.luau,Explorer/ServerScriptService/Services/ZoneService.luau,https://raw.githubusercontent.com/Rhocwud/RizzCity/0573581af81e6dd0578c4cf69f9a3b0a21286f73/Explorer/ServerScriptService/Services/ZoneService.luau,0573581af81e6dd0578c4cf69f9a3b0a21286f73,201,6113
CameraController.luau,Explorer/StarterPlayer/StarterPlayerScripts/CameraController.luau,https://raw.githubusercontent.com/Rhocwud/RizzCity/0573581af81e6dd0578c4cf69f9a3b0a21286f73/Explorer/StarterPlayer/StarterPlayerScripts/CameraController.luau,0573581af81e6dd0578c4cf69f9a3b0a21286f73,45,1217
ClientInit.luau,Explorer/StarterPlayer/StarterPlayerScripts/ClientInit.luau,https://raw.githubusercontent.com/Rhocwud/RizzCity/0573581af81e6dd0578c4cf69f9a3b0a21286f73/Explorer/StarterPlayer/StarterPlayerScripts/ClientInit.luau,0573581af81e6dd0578c4cf69f9a3b0a21286f73,38,1411
DisableChat.luau,Explorer/StarterPlayer/StarterPlayerScripts/DisableChat.luau,https://raw.githubusercontent.com/Rhocwud/RizzCity/0573581af81e6dd0578c4cf69f9a3b0a21286f73/Explorer/StarterPlayer/StarterPlayerScripts/DisableChat.luau,0573581af81e6dd0578c4cf69f9a3b0a21286f73,1,78
MovementController.luau,Explorer/StarterPlayer/StarterPlayerScripts/MovementController.luau,https://raw.githubusercontent.com/Rhocwud/RizzCity/0573581af81e6dd0578c4cf69f9a3b0a21286f73/Explorer/StarterPlayer/StarterPlayerScripts/MovementController.luau,0573581af81e6dd0578c4cf69f9a3b0a21286f73,296,8458
TargetLockController.luau,Explorer/StarterPlayer/StarterPlayerScripts/TargetLockController.luau,https://raw.githubusercontent.com/Rhocwud/RizzCity/0573581af81e6dd0578c4cf69f9a3b0a21286f73/Explorer/StarterPlayer/StarterPlayerScripts/TargetLockController.luau,0573581af81e6dd0578c4cf69f9a3b0a21286f73,20,491
WallRun.luau,Explorer/StarterPlayer/StarterPlayerScripts/WallRun.luau,https://raw.githubusercontent.com/Rhocwud/RizzCity/0573581af81e6dd0578c4cf69f9a3b0a21286f73/Explorer/StarterPlayer/StarterPlayerScripts/WallRun.luau,0573581af81e6dd0578c4cf69f9a3b0a21286f73,188,6304
Alerts.luau,Explorer/StarterPlayer/StarterPlayerScripts/Client/Alerts.luau,https://raw.githubusercontent.com/Rhocwud/RizzCity/0573581af81e6dd0578c4cf69f9a3b0a21286f73/Explorer/StarterPlayer/StarterPlayerScripts/Client/Alerts.luau,0573581af81e6dd0578c4cf69f9a3b0a21286f73,135,3886
WarBanner.luau,Explorer/StarterPlayer/StarterPlayerScripts/Client/WarBanner.luau,https://raw.githubusercontent.com/Rhocwud/RizzCity/0573581af81e6dd0578c4cf69f9a3b0a21286f73/Explorer/StarterPlayer/StarterPlayerScripts/Client/WarBanner.luau,0573581af81e6dd0578c4cf69f9a3b0a21286f73,84,2386
WarMap.luau,Explorer/StarterPlayer/StarterPlayerScripts/Client/WarMap.luau,https://raw.githubusercontent.com/Rhocwud/RizzCity/0573581af81e6dd0578c4cf69f9a3b0a21286f73/Explorer/StarterPlayer/StarterPlayerScripts/Client/WarMap.luau,0573581af81e6dd0578c4cf69f9a3b0a21286f73,507,15512
ZoneHud.luau,Explorer/StarterPlayer/StarterPlayerScripts/Client/ZoneHud.luau,https://raw.githubusercontent.com/Rhocwud/RizzCity/0573581af81e6dd0578c4cf69f9a3b0a21286f73/Explorer/StarterPlayer/StarterPlayerScripts/Client/ZoneHud.luau,0573581af81e6dd0578c4cf69f9a3b0a21286f73,360,10648
